{
  "kursevi": {
    "11111111111": {
      "id": 11111111111,
      "naziv": "Kurs Jave za početnike",
      "autor": "Uroš Živković",
      "datumIzmene": "2021-11-12",
      "opis": "Java je jedan od najpopularnijih objektno-orjentisanih programskih jezika koji se koristi za pravljenje desktop i mobilnih aplikacija. Prednost Jave je u tome što programski kod može da se izvršava na skoro svakom tipu računara – od standardnog desktop PC-a do računara koji su ugrađeni u pametne frižidere. Java jezik je među lakšim za savladavanje (u poređenju sa C++) što omogućava brži ulaz u objektno-orijentisano programiranje.",
      "slika": "https://i.imgur.com/JpzWDhd.jpg",
      "cena": 15000,
      "brojLekcija": 15,
      "kategorija": "Objektno programiranje",
      "jezik": "Srpski",
      "prosecnaOcena": 4.6,
      "brojKorisnika": 67,
      "sertifikovan": "Da",
      "kratakOpis": "Intenzivan kurs Java programiranja, koji obuhvata kompletno učenje programskog jezika Java, kao i frameworka Spring i Hibernate."
    },
    "11111111112": {
      "id": 11111111112,
      "naziv": "Kurs HTML i CSS",
      "autor": "Petar Petrović",
      "datumIzmene": "2021-10-22",
      "opis": "HTML odnosno HyperText Markup Language je opisni jezik pomoću koga se kreiraju sajtovi, tačnije funkcionalnost elemenata jedne web stranice. S druge strane, CSS (Cascading Style Sheets) predstavlja jezik koji se koristi za uređivanje samog izgleda i formatiranje svih elemenata koje vidimo na sajtu. Iako na prvi pogled možda deluje da HTML i CSS zapravo imaju istu funkciju, njihova namena je potpuno drugačija, što je doprinelo tome da se ova dva jezika idealno dopunjuju. Tokom ovog HTML i CSS kursa, koji možete pohađati kao online kurs ili tradicionalno – u učionici, a koji je deo pripadajućih programa, upoznaćete se sa svim potrebnim detaljima za rad u pomenutim jezicima, počevši od najosnovnijih pojmova koji će vam pomoći da steknete kompletnu sliku o HTML-u i CSS-u. Razumevanjem ovih jezika naučićete kako funkcioniše web i steći informatičku pismenost koja spada među najtraženija znanja 21. veka. Kada ovladate HTML-om i CSS-om, bićete u mogućnosti da kreirate web aplikacije, ili da kroz kod prilagođavate i održavate sadržaj na već formiranim sajtovima. Pored toga, moći ćete da uređujete web stranice pravljene u WordPressu, da stilizujete marketinške mejlove i još mnogo toga.",
      "slika": "https://i.imgur.com/7BsHtUw.jpg",
      "cena": 11999,
      "brojLekcija": 8,
      "kategorija": "Web programiranje",
      "jezik": "Srpski",
      "prosecnaOcena": 4.83,
      "brojKorisnika": 164,
      "sertifikovan": "Da",
      "kratakOpis": "Kurs HTML i CSS za sve koji žele da zavire u svet programiranja."
    },
    "11111111113": {
      "id": 11111111113,
      "naziv": "Kurs JavaScript",
      "autor": "Novak Novaković",
      "datumIzmene": "2021-09-02",
      "opis": "JavaScript je trenutno programski jezik broj 1. na internetu po statistici više izvora. Čak 95% veb sajtova kosristi JS. JavaScript je upotrebljiv ne samo u front-end razvoju, već se može koristiti i za backend, zahvaljujući Node.js – suludo brzom serverskom okruženju, pa čak je upotrebljen za neke desktop aplikacije. JavaScript je dinamičan i zanimljiv za rad. Ali je pre svega programski jezik. Potrebno je da ga učiš posvećeno, od samih osnova. Zato je kurs osmišljen tako da prvo naučiš najjednostavniju verziju ovog jezika – Vanilla JavaScript.Ova verzija je baš kao ukus vanile – blaga i bez „zaslađivača“. To je standardan JavaScript jezik koji nema dodatne resurse i funckije. Baš zato je odličan za tebe kao početnika. Omogućava ti da shvatiš način funkcionisanja programskog jezika, tako da možeš samostalno da kreiraš dinamična rešenja. Takođe, kada savladaš Vanilla JavaScript znaćeš da prepoznaš i otkloniš greške u samom kodu – onom delu programiranja koji korisnik ne vidi.",
      "slika": "https://i.imgur.com/6gHTG3N.jpg",
      "cena": 13000,
      "brojLekcija": 20,
      "kategorija": "Web programiranje",
      "jezik": "Engleski",
      "prosecnaOcena": 4.53,
      "brojKorisnika": 530,
      "sertifikovan": "Ne",
      "kratakOpis": "JavaScript kurs će vas naučiti veštinama najpopularnijeg skriptnog jezika i od vas stvoriti stručnjaka za programiranje koji ne mora da brine za posao."
    },
    "11111111114": {
      "id": 11111111114,
      "naziv": "Kurs C# programski jezik",
      "autor": "Jovana Jovanović",
      "datumIzmene": "2021-09-02",
      "opis": "Kao što mu samo ime govori, objektno orijentisano programiranje zasniva se na konceptu objekata. Reč je o pristupu koji omogućava rešavanje problema međusobnom saradnjom objekata unutar programa.Ovaj online kurs programiranja je upravo za tebe ukoliko želiš da: stekneš znanje iz objektno orijentisanog programiranja – jedno od najvažnijih koncepata za programere, naučiš kako da povećaš fleksibilnost programa uz lakše održavanje, jasno razumeš rad programa – podaci i njihovo ponašanje (metode) su spojeni u formi objekta što značajno olakšava razumevanje, brzo napreduješ zahvaljujući iskusnim predavačima i pažljivo pripremljenom materijalu uz obilje raznovrsnih ilustracija.",
      "slika": "https://i.imgur.com/uKWdI1x.jpg",
      "cena": 7235,
      "brojLekcija": 12,
      "kategorija": "Objektno programiranje",
      "jezik": "Engleski",
      "prosecnaOcena": 4.88,
      "brojKorisnika": 322,
      "sertifikovan": "Da",
      "kratakOpis": "Nauči C# i nikada nećeš biti bez posla. Uspešni programeri u svom CV-u uvek imaju C sharp. Uštedi novac i vreme-upiši naš kurs."
    },
    "11111111115": {
      "id": 11111111115,
      "naziv": "Kurs Python programiranja",
      "autor": "Ivana Ivanović",
      "datumIzmene": "2021-08-19",
      "opis": "Kurs Python OOP objašnjava zašto je dobro programirati objektno i kreirati i koristiti klase, kao i koji su njeni članovi, koja je razlika između polja klase i njenih metoda i šta oba pojma predstavljaju, šta se podrazumeva pod instanciranjem jedne klase, odnosno pravljenjem njenih objekata. Objektno programiranje, kao najzastupljeniji oblik programiranja danas, prisutno je i veoma korišćeno i u Python programiranju, pa se tokom ovog kursa ono detaljno proučava u kontekstu ovog jezika. Kroz kurs obnavljaju se svi prethodno naučeni gradivni blokovi i dopunjuju novim, objektno orijentisanim programskim elementima. Detaljno je objašnjen koncept kompozicije podataka u objekte. Razjašnjava se pojam klase u objektnom programiranju, njenih komponenti, načina na koje se može koristiti – kao samostalna jedinica sistema ili kao šablon za kreiranje različitih objekata.Takođe se obrađuju i napredne tehnike u objektnom programiranju, predstavlja se koncept nasleđivanja, prave se kompleksne hijerarhijske objektne strukture, vrši prepisivanje i preopterećenje metoda, a različitim članovima klase dopušta ili zabranjuje upotreba kontrolom pristupa. ",
      "slika": "https://i.imgur.com/dqgenVW.jpg",
      "cena": 10000,
      "brojLekcija": 23,
      "kategorija": "Objektno programiranje",
      "jezik": "Engleski",
      "prosecnaOcena": 4.66,
      "brojKorisnika": 433,
      "sertifikovan": "Da",
      "kratakOpis": "Kroz kurs Python savladaćete procese kao što su izrada i implementacija softvera, planiranje, kodiranje i testiranje."
    },
    "11111111116": {
      "id": 11111111116,
      "naziv": "Kurs SQL upitni jezik",
      "autor": "Sava Savić",
      "datumIzmene": "2020-07-19",
      "opis": "SQL, odnosno Structured Query Language, predstavlja jezik sa relacionim modelom baza podataka. Ovakav model je danas jedan od najrasprostranjenijih za upravljanje bazama podataka. Jednostavno rečeno, relacioni model predstavlja podatke koji su organizovani u logičke skupove i relacije, odnosno veze između njih. Osim relacionog modela, koji se koristi u SQL jeziku, postoje još dva bitna modela baze podataka, a to su model objekti-veze i model objekti. Za sve polaznike SQL kursa važno je istaći da SQL spada među jezike koji su najpogodniji i najednostavniji za rad. Za ovu osobinu SQL jezika najzaslužnija je činjenica da se relacije u njemu kreiraju pomoću samo jedne naredbe i, što je još važnije, odmah su dostupne za korišćenje.",
      "slika": "https://i.imgur.com/Z3Drc8Y.jpg",
      "cena": 12599,
      "brojLekcija": 27,
      "kategorija": "Baze podataka",
      "jezik": "Engleski",
      "prosecnaOcena": 4.79,
      "brojKorisnika": 655,
      "sertifikovan": "Ne",
      "kratakOpis": "Na ovom kursu možete steći osnovna znanja o bazama podataka i osposobiti se za korištenje naprednih mehanizama za razvoj i administraciju baza podataka."
    },
    "11111111117": {
      "id": 11111111117,
      "naziv": "Kurs PHP programski jezik",
      "autor": "Miljan Krivokapić",
      "datumIzmene": "2020-07-19",
      "opis": "Naučite najtraženiji i najpopularniji programski jezik za izradu dinamičkih web sajtova i web aplikacija za manje od godinu dana. Steknite najprestižniji svetski sertifikat u oblasti PHP programiranja i ovladajte naprednim znanjima koja ćete vrlo brzo moći da primenite u praksi. Postanite stručnjak za PHP programiranje i unovčite svoje veštine. Nastava je zasnovana na praktičnim primerima, minimumu teorije i maksimumu prakse. Učenje je bazirano na zadacima i projektima, čime se veoma brzo osposobljavate za to da samostalno obavljate budući posao PHP programera.",
      "slika": "https://i.imgur.com/kx6OSwH.jpg",
      "cena": 9799,
      "brojLekcija": 16,
      "kategorija": "Objektno programiranje",
      "jezik": "Srpski",
      "prosecnaOcena": 4.65,
      "brojKorisnika": 771,
      "sertifikovan": "Ne",
      "kratakOpis": "Ako želiš da budeš pravi backend programer upiši PHP kurs. Otkrij sve tajne server strane."
    },
    "11111111118": {
      "id": 11111111118,
      "naziv": "Kurs Adobe Photoshop",
      "autor": "Milan Jovanović",
      "datumIzmene": "2021-02-10",
      "opis": "Adobe Photoshop je najpopularaniji program za uređivanje i manipulaciju fotografijama. Koristi se za obradu fotografija, kao i kreiranje složenih digitalnih slika i visoko kvalitetne grafike. Dostupan za Windows i Mac, Photoshop je veoma moćan alat koji koriste mnogi profesionalni fotografi i dizajneri.",
      "slika": "https://i.imgur.com/HDYoONu.jpg",
      "cena": 8300,
      "brojLekcija": 10,
      "kategorija": "Grafički dizajn",
      "jezik": "Srpski",
      "prosecnaOcena": 4.81,
      "brojKorisnika": 882,
      "sertifikovan": "Ne",
      "kratakOpis": "Pokaži svoju kreativnost i unapredi svoje znanje i karijeru. Plaćanje na rate. Profesionalni predavači."
    },
    "11111111119": {
      "id": 11111111119,
      "naziv": "Kurs Ruby programski jezik",
      "autor": "Tomislav Tomić",
      "datumIzmene": "2019-12-10",
      "opis": "Ruby on Rails za početnike predstavlja kurs koji je namenjen, kako samim početnicima, tako i onima koji već poseduju određeno znanje iz oblasti objektno orijentisanog programiranja i razvoja web aplikacija u nekom od drugih framework-a. Kurs obuhvata kompletan proces izrade jedne Ruby on Rails aplikacije, počevši od podešavanja razvojnog okruženja i potrebnih alata, upoznavanja sa komponentama frameworka i mvc arhitekturom, implementacije rešenja, pa do finalnog deploymenta na heroku platformu.",
      "slika": "https://i.imgur.com/beKYN34.jpg",
      "cena": 9999,
      "brojLekcija": 16,
      "kategorija": "Objektno programiranje",
      "jezik": "Srpski",
      "prosecnaOcena": 4.36,
      "brojKorisnika": 320,
      "sertifikovan": "Da",
      "kratakOpis": "Kurs je namenjen, kako samim početnicima, tako i onima koji već poseduju određeno znanje iz programiranja."
    }
  },
  "korisnici": {
    "-MNQo55Aw0tLdwahMZMK": {
      "adresa": "Kralja Petra I 33, Novi Sad",
      "datumRodjenja": "2001-05-18",
      "email": "markoilic@gmail.com",
      "ime": "Marko",
      "lozinka": "markokreker123",
      "prezime": "Ilić",
      "telefon": "0614564562",
      "korisnickoIme": "marko2001"
    },
    "-MNQoCqEXydVTdCNV47C": {
      "adresa": "Karadjordjeva 6, Sremska Mitrovica",
      "datumRodjenja": "1998-06-05",
      "email": "ivankralj@gmail.com",
      "ime": "Ivan",
      "lozinka": "ivanivan123",
      "prezime": "Kralj",
      "telefon": "0623221321",
      "korisnickoIme": "ivankralj2"
    },
    "-MNQoJw2p9rci4Rm_rYY": {
      "adresa": "Petra Kočića 2, Beograd",
      "datumRodjenja": "2000-12-01",
      "email": "dalibordax@gmail.com",
      "ime": "Dalibor",
      "lozinka": "dacait66",
      "prezime": "Perić",
      "telefon": "0638768760",
      "korisnickoIme": "dalibor66"
    },
    "-MNQoR-5erkWvcm8Hdnk": {
      "adresa": "Nikole Tesle 36, Kragujevac",
      "datumRodjenja": "1997-07-07",
      "email": "anamilosevic@gmail.com",
      "ime": "Ana",
      "lozinka": "anamilosevic123",
      "prezime": "Milošević",
      "telefon": "0641159159",
      "korisnickoIme": "anamilosevic99"
    },
    "-MNQoWt_gDudX5W8TLQj": {
      "adresa": "Ružićeva 32, Beograd",
      "datumRodjenja": "1998-06-29",
      "email": "ttijanic@webd.com",
      "ime": "Tijana",
      "lozinka": "tijana123",
      "prezime": "Tijanić",
      "telefon": "0657537537",
      "korisnickoIme": "tijana"
    }
  }
}
